Frame_number,Image_name,left_eyelid_opening_valid,left_eyelid_opening_mm,right_eyelid_opening_valid,right_eyelid_opening_mm
0,frame_0,1,8.306759,1,8.218197
1,frame_1,1,8.230459,1,8.291724
2,frame_2,1,8.722193,1,8.163418
3,frame_3,1,8.461135,1,8.290079
4,frame_4,1,8.457934,1,8.407548
5,frame_5,1,8.375063,1,8.363123
6,frame_6,1,8.444463,1,8.279162
7,frame_7,1,8.504954,1,8.469269
8,frame_8,1,8.437367,1,8.394454
9,frame_9,1,8.974602,1,8.344787
10,frame_10,1,8.987537,1,8.332308
11,frame_11,1,8.907134,1,8.247064
12,frame_12,1,8.445354,1,8.379023
13,frame_13,1,8.467916,1,8.345684
14,frame_14,1,8.482971,1,8.260279
15,frame_15,1,8.454772,1,8.285245
16,frame_16,1,8.440748,1,8.411664
17,frame_17,1,8.483689,1,8.392079
18,frame_18,1,8.450667,1,8.353128
19,frame_19,1,8.617705,1,8.466074
20,frame_20,1,8.448233,1,8.323906
21,frame_21,1,8.571114,1,8.325378
22,frame_22,1,8.524988,1,8.312068
23,frame_23,1,8.38398,1,8.407458
24,frame_24,1,8.507729,1,8.435745
25,frame_25,1,8.506107,1,8.275714
26,frame_26,1,8.47035,1,8.304584
27,frame_27,1,8.424599,1,8.524179
28,frame_28,1,8.606942,1,8.377265
29,frame_29,1,8.440464,1,7.796082
30,frame_30,1,5.426499,1,2.238996
31,frame_31,1,1.919167,1,1.206718
32,frame_32,1,4.897271,1,2.485681
33,frame_33,1,6.604093,1,4.684207
34,frame_34,1,7.711826,1,6.347576
35,frame_35,1,8.139569,1,7.228027
36,frame_36,1,8.404397,1,7.7288
37,frame_37,1,8.541382,1,7.907279
38,frame_38,1,8.596033,1,7.985611
39,frame_39,1,8.643562,1,8.104299
40,frame_40,1,8.604269,1,7.891633
41,frame_41,1,8.555237,1,8.130565
42,frame_42,1,8.490536,1,8.192537
43,frame_43,1,8.501424,1,8.245803
44,frame_44,1,8.574723,1,8.2909
45,frame_45,1,8.49867,1,8.225274
46,frame_46,1,8.637513,1,8.023264
47,frame_47,1,8.686384,1,8.227615
48,frame_48,1,8.506672,1,8.177739
49,frame_49,1,8.599388,1,8.139187
50,frame_50,1,8.586042,1,8.58307
51,frame_51,1,8.519363,1,8.169046
52,frame_52,1,8.37229,1,8.144239
53,frame_53,1,8.47697,1,8.25373
54,frame_54,1,8.430385,1,8.298511
55,frame_55,1,8.521161,1,8.151832
56,frame_56,1,8.532984,1,8.175323
57,frame_57,1,8.575677,1,8.270275
58,frame_58,1,8.589052,1,8.145078
59,frame_59,1,8.399525,1,8.585829
60,frame_60,1,8.339353,1,8.281643
61,frame_61,1,8.379451,1,8.264415
62,frame_62,1,8.421706,1,8.160872
63,frame_63,1,8.481906,1,8.164394
64,frame_64,1,8.461938,1,8.346018
65,frame_65,1,8.554825,1,8.391939
66,frame_66,1,8.500439,1,8.229634
67,frame_67,1,9.160593,1,8.659241
68,frame_68,1,8.466301,1,7.947762
69,frame_69,1,7.053569,1,6.376253
70,frame_70,1,4.97338,1,2.753505
71,frame_71,1,2.133905,1,1.077031
72,frame_72,1,1.726148,1,1.489804
73,frame_73,1,3.635801,1,2.676421
74,frame_74,1,5.493837,1,3.900009
75,frame_75,1,6.042453,1,4.233894
76,frame_76,1,5.770585,1,4.417174
77,frame_77,1,6.036765,1,4.580764
78,frame_78,1,6.611154,1,4.850404
79,frame_79,1,6.776731,1,4.985933
80,frame_80,1,7.004847,1,5.174176
81,frame_81,1,7.272612,1,5.275754
82,frame_82,1,6.826346,1,4.785812
83,frame_83,1,6.702037,1,4.861315
84,frame_84,1,6.416594,1,4.655487
85,frame_85,1,6.386905,1,4.847113
86,frame_86,1,6.220015,1,4.230449
87,frame_87,1,5.993017,1,4.274077
88,frame_88,1,6.15062,1,4.610348
89,frame_89,1,6.262411,1,4.709659
90,frame_90,1,6.146555,1,4.682463
91,frame_91,1,6.002594,1,4.761478
92,frame_92,1,6.320566,1,4.50296
93,frame_93,1,6.245136,1,4.181287
94,frame_94,1,6.336773,1,4.371045
95,frame_95,1,6.383499,1,4.332869
96,frame_96,1,6.007742,1,4.614317
97,frame_97,1,6.180062,1,4.733516
98,frame_98,1,6.188422,1,4.51745
99,frame_99,1,6.020657,1,4.725155
100,frame_100,1,5.909923,1,4.54541
101,frame_101,1,6.137051,1,4.531654
102,frame_102,1,6.19925,1,4.676934
103,frame_103,1,6.128618,1,4.524487
104,frame_104,1,5.965902,1,4.765593
105,frame_105,1,6.143335,1,4.638875
106,frame_106,1,6.339028,1,4.651552
107,frame_107,1,6.09966,1,4.597981
108,frame_108,1,6.186454,1,4.593141
109,frame_109,1,6.132106,1,4.640381
110,frame_110,1,6.043941,1,4.873894
111,frame_111,1,6.133633,1,4.707214
112,frame_112,1,6.138968,1,4.639282
113,frame_113,1,6.096927,1,4.657569
114,frame_114,1,6.01977,1,4.817938
115,frame_115,1,5.781822,1,4.73025
116,frame_116,1,6.169751,1,4.551717
117,frame_117,1,6.248006,1,4.688858
118,frame_118,1,5.996956,1,4.773419
119,frame_119,1,6.152724,1,4.839008
120,frame_120,1,6.380323,1,4.899431
121,frame_121,1,6.172041,1,4.735897
122,frame_122,1,6.053255,1,4.809385
123,frame_123,1,6.292402,1,4.776465
124,frame_124,1,6.13002,1,4.872518
125,frame_125,1,6.123981,1,4.871182
126,frame_126,1,6.353321,1,4.854615
127,frame_127,1,6.076799,1,5.010592
128,frame_128,1,6.012657,1,4.883537
129,frame_129,1,5.944923,1,4.722962
130,frame_130,1,6.104536,1,4.819025
131,frame_131,1,6.242258,1,4.786678
132,frame_132,1,6.137551,1,4.827416
133,frame_133,1,6.160138,1,4.748398
134,frame_134,1,6.136244,1,4.830877
135,frame_135,1,6.11535,1,4.772708
136,frame_136,1,6.067492,1,4.954284
137,frame_137,1,6.084001,1,4.892013
138,frame_138,1,6.098472,1,4.910821
139,frame_139,1,6.021883,1,4.801701
140,frame_140,1,6.415743,1,4.967291
141,frame_141,1,6.258469,1,4.913127
142,frame_142,1,6.240334,1,4.824838
143,frame_143,1,6.230133,1,4.759733
144,frame_144,1,5.948342,1,4.949666
145,frame_145,1,5.985493,1,4.70936
146,frame_146,1,6.003823,1,4.712695
147,frame_147,1,6.17813,1,4.764922
148,frame_148,1,6.201542,1,4.754486
149,frame_149,1,6.10822,1,5.005723
150,frame_150,1,6.189177,1,4.754951
151,frame_151,1,6.056447,1,4.754085
152,frame_152,1,6.179964,1,4.529206
153,frame_153,1,6.096027,1,4.70374
154,frame_154,1,6.259394,1,4.865581
155,frame_155,1,6.09859,1,5.114192
156,frame_156,1,6.037069,1,4.729963
157,frame_157,1,6.081115,1,4.79242
158,frame_158,1,6.211719,1,4.59121
159,frame_159,1,6.152687,1,4.681987
160,frame_160,1,6.093526,1,4.776987
161,frame_161,1,6.237358,1,4.586014
162,frame_162,1,6.177385,1,4.819751
163,frame_163,1,6.272968,1,4.631
164,frame_164,1,6.333358,1,5.216748
165,frame_165,1,6.26764,1,4.655617
166,frame_166,1,6.152965,1,4.724394
167,frame_167,1,6.127916,1,4.736383
168,frame_168,1,6.316691,1,4.821001
169,frame_169,1,6.220909,1,4.496319
170,frame_170,1,6.153968,1,4.653265
171,frame_171,1,6.170461,1,4.724103
172,frame_172,1,6.231683,1,4.835174
173,frame_173,1,6.127424,1,4.612496
174,frame_174,1,6.293093,1,4.543368
175,frame_175,1,6.145239,1,4.430178
176,frame_176,1,6.027238,1,4.52164
177,frame_177,1,5.928166,1,4.466397
178,frame_178,1,5.950182,1,4.287556
179,frame_179,1,6.085874,1,4.395903
180,frame_180,1,6.134416,1,4.523733
181,frame_181,1,6.055421,1,4.840081
182,frame_182,1,5.958335,1,4.621422
183,frame_183,1,6.0704,1,4.55996
184,frame_184,1,6.078454,1,4.519819
185,frame_185,1,6.084835,1,4.628269
186,frame_186,1,6.153823,1,4.706972
187,frame_187,1,6.195286,1,4.428366
188,frame_188,1,6.099589,1,4.544711
189,frame_189,1,6.23596,1,4.33437
190,frame_190,1,6.098971,1,4.588024
191,frame_191,1,6.137087,1,4.553104
192,frame_192,1,6.132369,1,4.453933
193,frame_193,1,0,1,4.607765
194,frame_194,1,5.071104,1,2.246848
195,frame_195,1,2.516863,1,1.519075
196,frame_196,1,3.181948,1,0.955958
197,frame_197,1,5.328805,1,2.657457
198,frame_198,1,6.369748,1,5.532982
199,frame_199,1,8.565698,1,6.698769
200,frame_200,1,8.550351,1,8.550074
201,frame_201,1,9.248165,1,8.119174
202,frame_202,1,9.112963,1,8.567873
203,frame_203,1,9.22267,1,9.097061
204,frame_204,1,9.270524,1,9.062435
205,frame_205,1,9.170347,1,9.47675
206,frame_206,1,9.058902,1,9.452759
207,frame_207,1,9.378749,1,9.232984
208,frame_208,1,9.34749,1,9.355215
209,frame_209,1,9.05065,1,9.313413
210,frame_210,1,8.969159,1,9.406639
211,frame_211,1,9.153082,1,9.549105
212,frame_212,1,9.142079,1,9.720366
213,frame_213,1,8.761701,1,9.585678
214,frame_214,1,9.280439,1,9.539693
215,frame_215,1,9.076209,1,9.667983
216,frame_216,1,9.233689,1,9.699026
217,frame_217,1,9.18151,1,9.709149
218,frame_218,1,9.161022,1,9.885378
219,frame_219,1,9.222329,1,9.685189
220,frame_220,1,8.96398,1,9.813658
221,frame_221,1,9.409765,1,9.566926
222,frame_222,1,9.42816,1,9.98403
223,frame_223,1,9.364078,1,9.852667
224,frame_224,1,9.013958,1,9.919629
225,frame_225,1,8.799689,1,9.571723
226,frame_226,1,8.980663,1,9.783929
227,frame_227,1,8.846419,1,9.634343
228,frame_228,1,8.903877,1,9.599448
229,frame_229,1,9.200487,1,9.7352
230,frame_230,1,9.336025,1,9.556852
231,frame_231,1,8.770672,1,9.383188
232,frame_232,1,8.978502,1,9.384722
233,frame_233,1,8.860362,1,9.304131
234,frame_234,1,8.931205,1,9.528343
235,frame_235,1,8.721433,1,9.220058
236,frame_236,1,8.834581,1,9.386031
237,frame_237,1,8.858789,1,9.615214
238,frame_238,1,9.094716,1,9.378693
239,frame_239,1,8.840251,1,9.257948
240,frame_240,1,8.990244,1,9.460946
241,frame_241,1,8.753942,1,9.493424
242,frame_242,1,9.116369,1,9.496405
243,frame_243,1,8.757373,1,9.383412
244,frame_244,1,8.650359,1,9.288224
245,frame_245,1,8.765524,1,9.397024
246,frame_246,1,8.94497,1,9.40547
247,frame_247,1,8.625783,1,9.534264
248,frame_248,1,9.068035,1,9.595977
249,frame_249,1,9.045128,1,9.527437
250,frame_250,1,8.945131,1,9.279154
251,frame_251,1,9.251102,1,9.372829
252,frame_252,1,8.659774,1,9.252989
253,frame_253,1,8.701853,1,9.414718
254,frame_254,1,8.659046,1,9.490214
255,frame_255,1,8.834753,1,9.454911
256,frame_256,1,8.645425,1,9.521338
257,frame_257,1,9.062038,1,9.467125
258,frame_258,1,9.131039,1,9.354331
259,frame_259,1,8.880929,1,9.493469
260,frame_260,1,8.716348,1,9.331692
261,frame_261,1,8.888672,1,9.411657
262,frame_262,1,8.827869,1,9.573908
263,frame_263,1,8.95237,1,9.26051
264,frame_264,1,8.94839,1,9.430481
265,frame_265,1,8.827356,1,9.358588
266,frame_266,1,8.822169,1,9.410887
267,frame_267,1,9.018479,1,9.388135
268,frame_268,1,9.040606,1,9.427323
269,frame_269,1,9.220468,1,9.40669
270,frame_270,1,8.689229,1,9.346665
271,frame_271,1,8.818514,1,9.518496
272,frame_272,1,9.049549,1,9.353695
273,frame_273,1,9.01023,1,9.357677
274,frame_274,1,9.149861,1,9.351395
275,frame_275,1,8.803351,1,9.446723
276,frame_276,1,8.971506,1,9.591356
277,frame_277,1,8.684509,1,9.437595
278,frame_278,1,8.609589,1,9.441647
279,frame_279,1,9.023049,1,9.432818
280,frame_280,1,8.544605,1,9.442789
281,frame_281,1,9.225625,1,9.344009
282,frame_282,1,9.116079,1,9.267168
283,frame_283,1,8.982327,1,9.349657
284,frame_284,1,8.672403,1,9.324262
285,frame_285,1,8.873128,1,9.468061
286,frame_286,1,8.802013,1,9.434025
287,frame_287,1,9.031227,1,9.344238
288,frame_288,1,9.308163,1,9.343259
289,frame_289,1,8.987244,1,9.506332
290,frame_290,1,8.937085,1,9.44787
291,frame_291,1,8.668046,1,9.438496
292,frame_292,1,8.609753,1,9.51096
293,frame_293,1,8.819911,1,9.46543
294,frame_294,1,9.108778,1,9.412009
295,frame_295,1,8.769552,1,9.187904
296,frame_296,1,9.071575,1,9.465572
297,frame_297,1,8.770502,1,9.305882
298,frame_298,1,9.129283,1,9.239988
299,frame_299,1,9.220718,1,9.443467
300,frame_300,1,9.027561,1,9.351864
301,frame_301,1,8.425827,1,9.291029
302,frame_302,1,8.808411,1,9.501814
303,frame_303,1,9.235811,1,9.210982
304,frame_304,1,9.09932,1,9.480792
305,frame_305,1,8.856939,1,9.412386
306,frame_306,1,9.033263,1,9.155018
307,frame_307,1,7.268721,1,7.169193
308,frame_308,1,3.511027,1,0.917555
309,frame_309,1,2.373036,1,1.233825
310,frame_310,1,3.936429,1,0.966953
311,frame_311,1,4.066081,1,2.417578
312,frame_312,1,4.374978,1,3.230441
313,frame_313,1,4.36924,1,3.593584
314,frame_314,1,4.560564,1,3.529551
315,frame_315,1,4.493522,1,3.363477
316,frame_316,1,4.491092,1,3.730856
317,frame_317,1,4.164197,1,3.493498
318,frame_318,1,4.250283,1,3.514166
319,frame_319,1,4.247862,1,3.413483
320,frame_320,1,4.278679,1,4.113401
321,frame_321,1,3.856562,1,3.412913
322,frame_322,1,4.088013,1,3.521503
323,frame_323,1,4.102117,1,3.474721
324,frame_324,1,4.196587,1,3.93921
325,frame_325,1,4.220352,1,3.935241
326,frame_326,1,4.148046,1,3.270448
327,frame_327,1,4.153849,1,3.896872
328,frame_328,1,4.204439,1,3.966521
329,frame_329,1,4.117217,1,3.934698
330,frame_330,1,3.833635,1,3.967691
331,frame_331,1,4.075479,1,3.80729
332,frame_332,1,3.987849,1,3.875254
333,frame_333,1,4.079217,1,3.969105
334,frame_334,1,4.142814,1,3.864108
335,frame_335,1,4.018637,1,3.964717
336,frame_336,1,4.065172,1,3.855584
337,frame_337,1,3.960291,1,3.890725
338,frame_338,1,4.123433,1,3.91103
339,frame_339,1,3.940194,1,3.862144
340,frame_340,1,4.15818,1,3.950078
341,frame_341,1,4.081293,1,3.939362
342,frame_342,1,4.036538,1,3.785172
343,frame_343,1,4.011323,1,3.89272
344,frame_344,1,4.133834,1,3.711778
345,frame_345,1,4.111962,1,3.299913
346,frame_346,1,3.910098,1,3.839172
347,frame_347,1,4.046327,1,3.768312
348,frame_348,1,4.108685,1,3.280886
349,frame_349,1,3.953601,1,3.249674
350,frame_350,1,4.050775,1,3.84812
351,frame_351,1,4.045042,1,3.874591
352,frame_352,1,3.934572,1,3.753205
353,frame_353,1,4.070343,1,3.975643
354,frame_354,1,4.071695,1,3.140046
355,frame_355,1,4.157766,1,3.745677
356,frame_356,1,4.127288,1,3.803098
357,frame_357,1,4.112747,1,4.077415
358,frame_358,1,4.071137,1,3.906115
359,frame_359,1,4.01164,1,3.339424
360,frame_360,1,4.116294,1,3.872411
361,frame_361,1,4.247298,1,3.140213
362,frame_362,1,4.014072,1,4.024358
363,frame_363,1,3.97979,1,3.698289
364,frame_364,1,4.143326,1,3.836764
365,frame_365,1,3.939196,1,3.852575
366,frame_366,1,4.130575,1,3.742863
367,frame_367,1,4.20996,1,3.211691
368,frame_368,1,4.05466,1,3.150367
369,frame_369,1,4.005664,1,3.832085
370,frame_370,1,3.945255,1,3.81171
371,frame_371,1,3.896056,1,3.725091
372,frame_372,1,3.829857,1,3.92024
373,frame_373,1,4.094565,1,3.889688
374,frame_374,1,4.166398,1,3.981049
375,frame_375,1,3.810708,1,3.175724
376,frame_376,1,4.035022,1,3.890021
377,frame_377,1,3.964702,1,4.006616
378,frame_378,1,4.118848,1,3.857404
379,frame_379,1,4.072663,1,3.79989
380,frame_380,1,4.098394,1,3.898727
381,frame_381,1,3.991156,1,3.79934
382,frame_382,1,4.073381,1,3.753235
383,frame_383,1,4.079079,1,3.202841
384,frame_384,1,4.289513,1,3.260212
385,frame_385,1,4.047086,1,3.950354
386,frame_386,1,4.044495,1,3.77535
387,frame_387,1,4.031977,1,4.054241
388,frame_388,1,4.203955,1,3.847604
389,frame_389,1,3.990047,1,3.05474
390,frame_390,1,4.229118,1,3.853855
391,frame_391,1,4.060155,1,3.952127
392,frame_392,1,4.114698,1,4.006301
393,frame_393,1,4.167543,1,3.756389
394,frame_394,1,4.101846,1,3.868072
395,frame_395,1,4.181853,1,3.777354
396,frame_396,1,3.841232,1,3.686216
397,frame_397,1,4.103689,1,3.885952
398,frame_398,1,4.12559,1,3.745489
399,frame_399,1,4.063819,1,3.761177
400,frame_400,1,3.805708,1,3.664583
401,frame_401,1,3.907549,1,3.700695
402,frame_402,1,4.036991,1,3.719313
403,frame_403,1,4.08295,1,3.728437
404,frame_404,1,3.904043,1,3.626744
405,frame_405,1,3.898324,1,3.066238
406,frame_406,1,4.13838,1,3.913423
407,frame_407,1,3.996025,1,3.749381
408,frame_408,1,3.953459,1,3.747533
409,frame_409,1,3.849252,1,3.887317
410,frame_410,1,4.014298,1,3.646725
411,frame_411,1,4.089941,1,3.80756
412,frame_412,1,4.120463,1,3.939664
413,frame_413,1,4.084895,1,3.860873
414,frame_414,1,4.040286,1,3.923165
415,frame_415,1,3.904246,1,2.975983
416,frame_416,1,4.139265,1,3.743199
417,frame_417,1,3.958652,1,3.781173
418,frame_418,1,3.662036,1,2.613355
419,frame_419,1,1.797157,1,0.953018
420,frame_420,1,1.042628,1,1.020993
421,frame_421,1,2.249649,1,0.717305
422,frame_422,1,3.438337,1,1.99923
423,frame_423,1,4.797867,1,4.135517
424,frame_424,1,5.774994,1,4.390324
425,frame_425,1,6.128963,1,5.91941
426,frame_426,1,6.216338,1,5.700812
427,frame_427,1,6.466888,1,5.349823
428,frame_428,1,6.245532,1,5.574092
429,frame_429,1,6.944634,1,5.64588
430,frame_430,1,6.674571,1,5.420253
431,frame_431,1,6.833863,1,5.404728
432,frame_432,1,6.573457,1,5.573635
433,frame_433,1,6.512236,1,5.417897
434,frame_434,1,6.531074,1,5.53939
435,frame_435,1,6.878636,1,5.299307
436,frame_436,1,6.902081,1,5.594288
437,frame_437,1,6.964485,1,5.531942
438,frame_438,1,6.479271,1,5.309052
439,frame_439,1,6.346557,1,5.654477
440,frame_440,1,6.598515,1,5.57171
441,frame_441,1,6.68718,1,5.491167
442,frame_442,1,6.432006,1,5.307412
443,frame_443,1,7.052837,1,5.327872
444,frame_444,1,6.747606,1,5.447844
445,frame_445,1,6.652078,1,5.600164
446,frame_446,1,6.523077,1,5.548314
447,frame_447,1,6.646822,1,5.474574
448,frame_448,1,6.613797,1,5.225416
449,frame_449,1,6.214263,1,5.346955
450,frame_450,1,6.30032,1,5.240008
451,frame_451,1,6.34968,1,5.481373
452,frame_452,1,6.282536,1,5.332088
453,frame_453,1,6.286506,1,5.131816
454,frame_454,1,6.205614,1,5.545453
455,frame_455,1,6.350683,1,5.422995
456,frame_456,1,6.450321,1,5.70998
457,frame_457,1,6.161978,1,5.371036
458,frame_458,1,6.29599,1,5.302636
459,frame_459,1,6.204044,1,5.14505
460,frame_460,1,6.263372,1,5.096538
461,frame_461,1,6.318972,1,5.217329
462,frame_462,1,5.808792,1,5.272437
463,frame_463,1,5.951694,1,5.455954
464,frame_464,1,6.030978,1,5.197367
465,frame_465,1,6.034158,1,5.272296
466,frame_466,1,5.988945,1,5.246212
467,frame_467,1,6.010143,1,5.2535
468,frame_468,1,6.133622,1,5.346937
469,frame_469,1,6.08857,1,5.211435
470,frame_470,1,6.075482,1,5.414645
471,frame_471,1,6.093686,1,5.161696
472,frame_472,1,6.03008,1,5.182924
473,frame_473,1,5.937727,1,5.085352
474,frame_474,1,5.93806,1,5.253255
475,frame_475,1,5.862885,1,5.329707
476,frame_476,1,6.049795,1,5.295294
477,frame_477,1,6.0119,1,5.237218
478,frame_478,1,5.966865,1,5.214248
479,frame_479,1,6.030681,1,5.287854
480,frame_480,1,5.943957,1,5.290503
481,frame_481,1,5.86549,1,5.162877
482,frame_482,1,5.993857,1,5.160235
483,frame_483,1,5.915377,1,5.217134
484,frame_484,1,5.972159,1,5.162993
485,frame_485,1,5.924989,1,5.227298
486,frame_486,1,5.921673,1,5.307851
487,frame_487,1,6.195595,1,5.463075
488,frame_488,1,6.0616,1,5.433827
489,frame_489,1,6.092628,1,5.274104
490,frame_490,1,5.886907,1,5.153144
491,frame_491,1,5.956296,1,5.066129
492,frame_492,1,5.910268,1,6.748067
493,frame_493,1,5.906824,1,5.337446
494,frame_494,1,6.129812,1,5.233799
495,frame_495,1,5.864167,1,5.392382
496,frame_496,1,5.980137,1,5.24395
497,frame_497,1,6.065116,1,5.207809
498,frame_498,1,6.133034,1,4.961352
499,frame_499,1,6.163085,1,5.202029
500,frame_500,1,5.999997,1,5.158463
501,frame_501,1,5.875278,1,5.092711
502,frame_502,1,6.003069,1,5.162792
503,frame_503,1,5.837617,1,4.888758
504,frame_504,1,5.969641,1,5.130661
505,frame_505,1,5.971978,1,4.999903
506,frame_506,1,5.864608,1,5.259614
507,frame_507,1,5.999776,1,5.470851
508,frame_508,1,6.166631,1,5.115703
509,frame_509,1,5.951029,1,5.24244
510,frame_510,1,5.937158,1,5.023566
511,frame_511,1,6.064426,1,5.208772
512,frame_512,1,6.195829,1,5.041181
513,frame_513,1,6.031586,1,5.215264
514,frame_514,1,5.822554,1,5.051056
515,frame_515,1,6.045992,1,5.385479
516,frame_516,1,6.016039,1,5.200159
517,frame_517,1,6.158675,1,5.340177
518,frame_518,1,6.088336,1,5.174485
519,frame_519,1,6.092452,1,5.427233
520,frame_520,1,5.99223,1,5.067876
521,frame_521,1,5.87616,1,5.388477
522,frame_522,1,5.963663,1,5.312645
523,frame_523,1,5.819379,1,4.99036
524,frame_524,1,6.007238,1,5.026085
525,frame_525,1,5.878802,1,5.118832
526,frame_526,1,5.815709,1,5.228153
527,frame_527,1,6.150384,1,5.284871
528,frame_528,1,5.862792,1,5.090735
529,frame_529,1,6.008588,1,5.300219
530,frame_530,1,6.134401,1,4.945751
531,frame_531,1,6.134666,1,5.3895
532,frame_532,1,6.117085,1,4.787024
533,frame_533,1,4.492185,1,3.8978
534,frame_534,1,1.221162,1,0.99106
535,frame_535,1,1.984759,1,1.045278
536,frame_536,1,2.001312,1,0.751446
537,frame_537,1,4.192454,1,2.705017
538,frame_538,1,5.047061,1,3.67962
539,frame_539,1,5.651559,1,4.751721
540,frame_540,1,5.994672,1,5.047308
541,frame_541,1,6.359723,1,5.20299
542,frame_542,1,6.53553,1,4.912632
543,frame_543,1,6.564559,1,5.252919
544,frame_544,1,6.46254,1,5.494307
545,frame_545,1,6.70462,1,5.415643
546,frame_546,1,6.706482,1,5.559115
547,frame_547,1,6.557233,1,5.239762
548,frame_548,1,6.727625,1,5.129048
549,frame_549,1,6.707686,1,5.282253
550,frame_550,1,7.079675,1,5.243467
551,frame_551,1,6.96818,1,5.186456
552,frame_552,1,7.049185,1,5.282537
553,frame_553,1,6.884513,1,5.171364
554,frame_554,1,7.001407,1,5.132743
555,frame_555,1,6.951825,1,5.206817
556,frame_556,1,6.906775,1,5.197058
557,frame_557,1,6.757388,1,5.247258
558,frame_558,1,6.963914,1,5.165673
559,frame_559,1,6.819531,1,5.273469
560,frame_560,1,6.840057,1,5.187512
561,frame_561,1,6.649381,1,5.101414
562,frame_562,1,6.311198,1,5.082437
563,frame_563,1,6.454215,1,5.011852
564,frame_564,1,6.361332,1,5.031126
565,frame_565,1,6.361054,1,5.11791
566,frame_566,1,6.442725,1,5.179083
567,frame_567,1,6.511803,1,5.060443
568,frame_568,1,6.386838,1,5.081162
569,frame_569,1,6.211687,1,5.129062
570,frame_570,1,6.184041,1,5.159231
571,frame_571,1,6.189494,1,5.319637
572,frame_572,1,6.382894,1,5.125876
573,frame_573,1,6.231965,1,5.05441
574,frame_574,1,6.419378,1,4.968056
575,frame_575,1,6.285224,1,4.997973
576,frame_576,1,6.083552,1,4.894144
577,frame_577,1,6.425257,1,5.225285
578,frame_578,1,6.461334,1,5.293326
579,frame_579,1,6.439272,1,5.300873
580,frame_580,1,6.447942,1,4.942729
581,frame_581,1,6.372272,1,5.088534
582,frame_582,1,6.419673,1,5.424598
583,frame_583,1,6.11983,1,5.013871
584,frame_584,1,6.343375,1,5.028202
585,frame_585,1,6.293187,1,4.798972
586,frame_586,1,6.188028,1,5.40317
587,frame_587,1,6.3636,1,5.052835
588,frame_588,1,6.220628,1,4.943196
589,frame_589,1,6.336108,1,5.169499
590,frame_590,1,6.177616,1,5.469047
591,frame_591,1,6.415966,1,5.149214
592,frame_592,1,6.611693,1,5.137119
593,frame_593,1,6.354067,1,5.001284
594,frame_594,1,6.450121,1,5.021683
595,frame_595,1,6.355629,1,5.02505
596,frame_596,1,6.431168,1,5.024243
597,frame_597,1,6.396339,1,5.384549
598,frame_598,1,6.443059,1,5.552523
599,frame_599,1,6.402093,1,5.321278
600,frame_600,1,6.030231,1,5.21321
601,frame_601,1,6.296484,1,5.129431
602,frame_602,1,6.452328,1,5.3066
603,frame_603,1,6.044814,1,5.263404
604,frame_604,1,6.34353,1,5.090436
605,frame_605,1,6.425687,1,5.232052
606,frame_606,1,6.385564,1,4.957228
607,frame_607,1,6.4251,1,4.963102
608,frame_608,1,6.63188,1,5.411108
609,frame_609,1,6.501665,1,5.176702
610,frame_610,1,6.542123,1,5.272931
611,frame_611,1,6.349908,1,5.419574
612,frame_612,1,6.628773,1,5.359213
613,frame_613,1,6.500361,1,5.311785
614,frame_614,1,6.455095,1,5.534481
615,frame_615,1,6.509779,1,5.156775
616,frame_616,1,6.333381,1,5.369229
617,frame_617,1,6.368292,1,5.17215
618,frame_618,1,6.336081,1,5.086157
619,frame_619,1,6.483243,1,5.067934
620,frame_620,1,6.382583,1,5.4473
621,frame_621,1,6.233155,1,5.138524
622,frame_622,1,6.107881,1,5.533284
623,frame_623,1,6.173074,1,5.068316
624,frame_624,1,6.382493,1,5.265699
625,frame_625,1,6.406675,1,5.19823
626,frame_626,1,6.297941,1,5.537852
627,frame_627,1,6.185625,1,5.542465
628,frame_628,1,6.412994,1,5.433027
629,frame_629,1,6.368742,1,5.821735
630,frame_630,1,6.385703,1,5.013412
631,frame_631,1,6.280615,1,5.0856
632,frame_632,1,6.468975,1,5.006443
633,frame_633,1,6.470972,1,4.975124
634,frame_634,1,6.38293,1,5.25467
635,frame_635,1,6.299635,1,4.938238
636,frame_636,1,6.360474,1,4.977196
637,frame_637,1,6.288045,1,5.047126
638,frame_638,1,6.144962,1,4.983271
639,frame_639,1,6.127671,1,5.045469
640,frame_640,1,6.227542,1,5.252164
641,frame_641,1,6.152619,1,5.194479
642,frame_642,1,6.253046,1,5.476779
643,frame_643,1,6.370796,1,5.395404
644,frame_644,1,4.868098,1,4.21559
645,frame_645,1,2.172827,1,0.943621
646,frame_646,1,1.812123,1,0.918128
647,frame_647,1,2.25717,1,1.532001
648,frame_648,1,5.013455,1,3.507013
649,frame_649,1,6.623704,1,6.270476
650,frame_650,1,8.04492,1,7.800324
651,frame_651,1,8.554111,1,8.726985
652,frame_652,1,8.610698,1,8.882698
653,frame_653,1,8.67927,1,8.95519
654,frame_654,1,8.843799,1,8.8477
655,frame_655,1,9.105922,1,9.041784
656,frame_656,1,9.288852,1,8.637575
657,frame_657,1,9.413594,1,8.814711
658,frame_658,1,8.75277,1,8.986063
659,frame_659,1,8.65115,1,8.819224
660,frame_660,1,8.94196,1,8.795809
661,frame_661,1,8.940609,1,8.849666
662,frame_662,1,8.855809,1,8.806949
663,frame_663,1,8.958109,1,8.904305
664,frame_664,1,9.267945,1,8.730221
665,frame_665,1,8.962361,1,8.655143
666,frame_666,1,8.916612,1,8.893607
667,frame_667,1,8.956877,1,8.793176
668,frame_668,1,8.934805,1,8.638357
669,frame_669,1,8.833001,1,8.830217
670,frame_670,1,8.966641,1,8.77717
671,frame_671,1,9.176912,1,8.951588
672,frame_672,1,8.802683,1,8.71861
673,frame_673,1,9.041567,1,8.854574
674,frame_674,1,8.963908,1,8.569032
675,frame_675,1,8.941354,1,8.706963
676,frame_676,1,8.931864,1,8.673273
677,frame_677,1,8.802892,1,8.543661
678,frame_678,1,8.920796,1,8.782063
679,frame_679,1,8.967575,1,8.830688
680,frame_680,1,8.742444,1,8.687249
681,frame_681,1,8.849257,1,8.856376
682,frame_682,1,8.736209,1,8.823318
683,frame_683,1,8.631186,1,8.688006
684,frame_684,1,8.913415,1,8.703818
685,frame_685,1,8.881699,1,8.722608
686,frame_686,1,8.443923,1,8.748925
687,frame_687,1,8.674715,1,8.497794
688,frame_688,1,8.610389,1,8.734742
689,frame_689,1,8.56505,1,8.6104
690,frame_690,1,8.549959,1,8.673162
691,frame_691,1,8.648808,1,8.80958
692,frame_692,1,8.770821,1,8.609192
693,frame_693,1,8.932243,1,8.691837
694,frame_694,1,8.41045,1,8.624537
695,frame_695,1,8.690593,1,8.631524
696,frame_696,1,8.845881,1,8.518897
697,frame_697,1,8.812012,1,8.735768
698,frame_698,1,8.479866,1,8.465179
699,frame_699,1,8.666888,1,8.792483
700,frame_700,1,8.823525,1,8.66749
701,frame_701,1,8.599341,1,8.43304
702,frame_702,1,8.615793,1,8.588454
703,frame_703,1,8.824185,1,8.677985
704,frame_704,1,8.61566,1,8.637166
705,frame_705,1,8.585352,1,8.605286
706,frame_706,1,8.754446,1,8.822971
707,frame_707,1,8.696374,1,8.532618
708,frame_708,1,8.622602,1,8.613656
709,frame_709,1,8.715294,1,8.664507
710,frame_710,1,8.659788,1,8.762497
711,frame_711,1,8.575224,1,8.643621
712,frame_712,1,8.575876,1,8.608679
713,frame_713,1,8.721249,1,8.588724
714,frame_714,1,8.712116,1,8.565012
715,frame_715,1,8.61324,1,8.604432
716,frame_716,1,8.629146,1,8.603462
717,frame_717,1,8.67212,1,8.663213
718,frame_718,1,8.533726,1,8.513661
719,frame_719,1,8.711076,1,8.549242
720,frame_720,1,8.767445,1,8.545621
721,frame_721,1,8.634704,1,8.834361
722,frame_722,1,8.668972,1,8.682799
723,frame_723,1,8.6837,1,8.606
724,frame_724,1,8.679252,1,8.65623
725,frame_725,1,8.720518,1,8.588937
726,frame_726,1,8.642526,1,8.405701
727,frame_727,1,8.838596,1,8.699371
728,frame_728,1,8.511785,1,8.697774
729,frame_729,1,8.686082,1,8.693569
730,frame_730,1,8.802122,1,8.698783
731,frame_731,1,8.731001,1,8.530499
732,frame_732,1,8.733442,1,8.472374
733,frame_733,1,8.656387,1,8.575731
734,frame_734,1,8.826103,1,8.660676
735,frame_735,1,8.800954,1,8.742825
736,frame_736,1,8.74509,1,8.665462
737,frame_737,1,8.758526,1,8.700673
738,frame_738,1,8.879176,1,8.971314
739,frame_739,1,8.805545,1,8.734001
740,frame_740,1,8.654933,1,8.795519
741,frame_741,1,8.787257,1,8.73815
742,frame_742,1,8.82058,1,8.697428
743,frame_743,1,8.889326,1,8.775848
744,frame_744,1,8.687528,1,8.583149
745,frame_745,1,8.739291,1,8.760133
746,frame_746,1,8.721686,1,8.771101
747,frame_747,1,8.820098,1,8.907755
748,frame_748,1,8.914575,1,8.737188
749,frame_749,1,8.859413,1,8.772689
750,frame_750,1,8.843365,1,8.75551
751,frame_751,1,8.822137,1,8.895028
752,frame_752,1,8.668115,1,8.494131
753,frame_753,1,8.693763,1,8.636768
754,frame_754,1,8.535644,1,8.531681
755,frame_755,1,7.568264,1,7.193272
756,frame_756,1,3.203893,1,1.705611
757,frame_757,1,1.272232,1,1.665522
758,frame_758,1,1.519146,1,1.190105
759,frame_759,1,3.42317,1,2.330106
760,frame_760,1,5.836937,1,4.543812
761,frame_761,1,8.172004,1,8.328988
762,frame_762,1,9.496236,1,10.031917
763,frame_763,1,10.699568,1,10.955299
764,frame_764,1,11.748713,1,11.452889
765,frame_765,1,11.741223,1,12.372001
766,frame_766,1,12.072573,1,12.72522
767,frame_767,1,12.497235,1,12.788055
768,frame_768,1,13.087091,1,12.971866
769,frame_769,1,13.10792,1,12.789921
770,frame_770,1,12.327501,1,12.470194
771,frame_771,1,12.698335,1,11.866281
772,frame_772,1,11.912806,1,12.082243
773,frame_773,1,11.628251,1,11.671836
774,frame_774,1,11.903103,1,11.951035
775,frame_775,1,11.605795,1,11.519085
776,frame_776,1,11.659786,1,12.478241
777,frame_777,1,11.962185,1,12.057035
778,frame_778,1,12.21808,1,12.073226
779,frame_779,1,12.501913,1,12.18862
780,frame_780,1,12.400572,1,12.086214
781,frame_781,1,12.248384,1,12.299891
782,frame_782,1,12.172584,1,12.236268
783,frame_783,1,12.588846,1,11.916527
784,frame_784,1,12.185602,1,11.915855
785,frame_785,1,11.919226,1,12.057004
786,frame_786,1,12.357221,1,11.82626
787,frame_787,1,12.119443,1,11.957215
788,frame_788,1,11.832627,1,11.955869
789,frame_789,1,12.051784,1,12.012652
790,frame_790,1,11.922407,1,12.097985
791,frame_791,1,11.907322,1,12.000083
792,frame_792,1,11.924771,1,11.934293
793,frame_793,1,11.9242,1,12.363824
794,frame_794,1,11.981225,1,12.055911
795,frame_795,1,12.074629,1,12.086862
796,frame_796,1,12.227768,1,12.175448
797,frame_797,1,12.089974,1,12.204302
798,frame_798,1,12.328072,1,12.156891
799,frame_799,1,12.319802,1,12.239879
800,frame_800,1,11.865528,1,12.129778
801,frame_801,1,12.267201,1,12.267532
802,frame_802,1,12.156493,1,12.090904
803,frame_803,1,11.742691,1,12.314085
804,frame_804,1,12.027455,1,12.370902
805,frame_805,1,11.825412,1,12.152205
806,frame_806,1,11.95298,1,12.262069
807,frame_807,1,11.661189,1,12.243393
808,frame_808,1,12.159641,1,12.046091
809,frame_809,1,12.285708,1,12.332795
810,frame_810,1,11.690496,1,12.119669
811,frame_811,1,12.035737,1,12.480021
812,frame_812,1,12.141422,1,11.990416
813,frame_813,1,11.99624,1,12.055276
814,frame_814,1,12.217534,1,12.224527
815,frame_815,1,11.944706,1,12.163737
816,frame_816,1,12.260509,1,12.368559
817,frame_817,1,12.170782,1,12.27453
818,frame_818,1,11.968893,1,12.383288
819,frame_819,1,11.780484,1,12.148246
820,frame_820,1,12.166571,1,12.294041
821,frame_821,1,11.980235,1,12.219142
822,frame_822,1,12.119954,1,12.174637
823,frame_823,1,12.507182,1,12.116612
824,frame_824,1,12.216401,1,12.122669
825,frame_825,1,12.223131,1,12.277551
826,frame_826,1,12.318795,1,12.207698
827,frame_827,1,12.316099,1,12.14539
828,frame_828,1,12.208129,1,12.131679
829,frame_829,1,12.187322,1,11.925654
830,frame_830,1,12.251604,1,11.86782
831,frame_831,1,12.206042,1,12.319918
832,frame_832,1,12.29886,1,11.855526
833,frame_833,1,12.093591,1,11.872465
834,frame_834,1,11.983084,1,12.061014
835,frame_835,1,12.180503,1,12.309746
836,frame_836,1,12.176426,1,12.333423
837,frame_837,1,11.968335,1,12.223444
838,frame_838,1,11.941205,1,12.008846
839,frame_839,1,12.079601,1,12.039128
840,frame_840,1,12.255462,1,12.128647
841,frame_841,1,12.183996,1,12.235776
842,frame_842,1,12.061794,1,11.961323
843,frame_843,1,12.330231,1,12.105744
844,frame_844,1,12.049994,1,11.957511
845,frame_845,1,12.083051,1,11.938014
846,frame_846,1,12.23644,1,12.006385
847,frame_847,1,12.152618,1,12.057052
848,frame_848,1,12.100562,1,12.107169
849,frame_849,1,12.116396,1,12.083761
850,frame_850,1,12.013129,1,11.943765
851,frame_851,1,12.300479,1,12.060564
852,frame_852,1,12.35938,1,12.09348
853,frame_853,1,12.38272,1,12.128995
854,frame_854,1,12.19602,1,12.161993
855,frame_855,1,12.170031,1,12.455952
856,frame_856,1,11.780945,1,12.245505
857,frame_857,1,11.942958,1,11.855024
858,frame_858,1,11.94473,1,12.015889
859,frame_859,1,12.23914,1,12.229644
860,frame_860,1,12.032839,1,12.140199
861,frame_861,1,12.202714,1,11.971831
862,frame_862,1,11.998093,1,11.979117
863,frame_863,1,11.98647,1,12.139414
864,frame_864,1,12.077023,1,12.001677
865,frame_865,1,11.976697,1,12.265843
866,frame_866,1,11.971794,1,12.230168
867,frame_867,1,12.13956,1,12.274402
868,frame_868,1,11.94549,1,12.145844
869,frame_869,1,12.334506,1,12.274393
870,frame_870,1,11.970479,1,12.127832
871,frame_871,1,12.086886,1,12.042733
872,frame_872,1,12.107542,1,12.142527
873,frame_873,1,12.02179,1,12.129343
874,frame_874,1,11.837883,1,12.310056
875,frame_875,1,11.975094,1,11.870559
876,frame_876,1,11.005084,1,10.75743
877,frame_877,1,6.951787,1,5.217608
878,frame_878,1,3.769027,1,2.691206
879,frame_879,1,4.221421,1,3.165226
880,frame_880,1,6.075488,1,5.330743
881,frame_881,1,6.691142,1,8.008641
882,frame_882,1,9.563235,1,9.875885
883,frame_883,1,10.052526,1,10.519646
884,frame_884,1,11.413357,1,11.142337
885,frame_885,1,11.480231,1,11.285097
886,frame_886,1,10.990501,1,11.498564
887,frame_887,1,12.104939,1,11.351114
888,frame_888,1,11.01945,1,11.468367
889,frame_889,1,11.088702,1,11.399574
890,frame_890,1,11.914695,1,11.319295
891,frame_891,1,11.236212,1,11.383711
892,frame_892,1,11.160392,1,11.47972
893,frame_893,1,10.548041,1,10.883322
894,frame_894,1,10.59165,1,11.577203
895,frame_895,1,11.08137,1,10.420821
896,frame_896,1,11.33239,1,10.815381
897,frame_897,1,11.119253,1,11.543293
898,frame_898,1,10.926109,1,12.217904
899,frame_899,1,11.107571,1,12.201841
900,frame_900,1,11.041491,1,11.239331
901,frame_901,1,11.075566,1,11.5306
902,frame_902,1,10.999322,1,12.000139
903,frame_903,1,10.862085,1,11.676693
904,frame_904,1,10.820476,1,11.241691
905,frame_905,1,10.922499,1,11.813418
906,frame_906,1,10.807217,1,11.893377
907,frame_907,1,10.681933,1,11.836254
908,frame_908,1,10.683153,1,11.804339
909,frame_909,1,10.823543,1,11.724991
910,frame_910,1,10.623819,1,12.03529
911,frame_911,1,10.622964,1,12.053545
912,frame_912,1,10.656057,1,11.740766
913,frame_913,1,10.23953,1,11.619398
914,frame_914,1,10.667316,1,11.634152
915,frame_915,1,10.276474,1,12.108617
916,frame_916,1,10.658028,1,12.133876
917,frame_917,1,10.549839,1,12.0458
918,frame_918,1,10.458432,1,11.819232
919,frame_919,1,10.411555,1,11.613972
920,frame_920,1,10.076622,1,12.137145
921,frame_921,1,10.354077,1,11.986048
922,frame_922,1,10.04789,1,11.938652
923,frame_923,1,10.013018,1,9.357747
924,frame_924,1,7.345767,1,6.656175
925,frame_925,1,7.011361,1,6.6571
926,frame_926,1,9.4003,1,9.232669
927,frame_927,1,10.337012,1,9.736162
928,frame_928,1,10.060316,1,10.831489
929,frame_929,1,10.542442,1,11.291566
930,frame_930,1,10.782095,1,10.756662
931,frame_931,1,10.290723,1,11.739092
932,frame_932,1,10.52346,1,10.805812
933,frame_933,1,10.606276,1,11.669089
934,frame_934,1,10.021407,1,11.907503
935,frame_935,1,10.429477,1,11.855173
936,frame_936,1,10.54919,1,11.492776
937,frame_937,1,10.491137,1,11.609669
938,frame_938,1,10.234683,1,11.058604
939,frame_939,1,10.59977,1,11.001875
940,frame_940,1,10.213227,1,11.580094
941,frame_941,1,10.541509,1,11.836996
942,frame_942,1,10.720138,1,11.93999
943,frame_943,1,10.627698,1,11.858504
944,frame_944,1,10.51938,1,11.862211
945,frame_945,1,9.952784,1,11.953749
946,frame_946,1,10.427246,1,11.985148
947,frame_947,1,10.197702,1,12.12357
948,frame_948,1,10.527154,1,11.827446
949,frame_949,1,10.094278,1,11.978337
950,frame_950,1,10.139964,1,12.043879
951,frame_951,1,10.582894,1,12.125731
952,frame_952,1,10.231248,1,11.841693
953,frame_953,1,10.545499,1,11.834897
954,frame_954,1,10.517766,1,11.958349
955,frame_955,1,10.16266,1,11.776824
956,frame_956,1,10.579678,1,11.607097
957,frame_957,1,10.562415,1,11.885058
958,frame_958,1,10.544352,1,11.835147
959,frame_959,1,10.570594,1,12.047949
960,frame_960,1,10.516447,1,11.822697
961,frame_961,1,10.42588,1,12.200963
962,frame_962,1,10.169559,1,12.098263
963,frame_963,1,10.610312,1,12.132647
964,frame_964,1,10.566344,1,11.967444
965,frame_965,1,10.807364,1,11.978409
966,frame_966,1,10.066819,1,12.114008
967,frame_967,1,10.473663,1,11.993028
968,frame_968,1,10.50981,1,12.070669
969,frame_969,1,10.550262,1,11.729952
970,frame_970,1,10.712536,1,11.807099
971,frame_971,1,10.390563,1,12.14505
972,frame_972,1,10.650747,1,11.966736
973,frame_973,1,10.653015,1,12.290989
974,frame_974,1,10.638909,1,11.742561
975,frame_975,1,10.57736,1,11.819619
976,frame_976,1,10.517936,1,12.00108
977,frame_977,1,10.645133,1,11.866703
978,frame_978,1,10.616281,1,12.069007
979,frame_979,1,10.668237,1,12.06964
980,frame_980,1,10.678301,1,12.080548
981,frame_981,1,10.725603,1,11.966722
982,frame_982,1,10.750881,1,12.059506
983,frame_983,1,10.841387,1,12.100309
984,frame_984,1,10.672572,1,11.875024
985,frame_985,1,10.634812,1,11.957895
986,frame_986,1,10.269913,1,11.81228
987,frame_987,1,10.63397,1,12.065656
988,frame_988,1,10.658338,1,12.091724
989,frame_989,1,10.840114,1,11.759229
990,frame_990,1,10.624773,1,12.2067
991,frame_991,1,10.698527,1,12.088952
992,frame_992,1,10.326244,1,12.025756
993,frame_993,1,10.75104,1,11.889927
994,frame_994,1,10.665548,1,12.001859
995,frame_995,1,10.789057,1,11.898351
996,frame_996,1,10.814115,1,11.894288
997,frame_997,1,10.890821,1,12.304472
998,frame_998,1,10.809722,1,12.132628
999,frame_999,1,10.876348,1,12.349811
1000,frame_1000,1,10.525655,1,10.889328
1001,frame_1001,1,8.28541,1,6.768152
1002,frame_1002,1,4.788041,1,3.050921
1003,frame_1003,1,5.072067,1,2.829063
1004,frame_1004,1,5.765235,1,4.402248
1005,frame_1005,1,6.789586,1,5.036008
1006,frame_1006,1,6.85372,1,5.723233
1007,frame_1007,1,6.979035,1,6.066006
1008,frame_1008,1,7.09525,1,6.472304
1009,frame_1009,1,7.089016,1,6.670497
1010,frame_1010,1,7.166276,1,6.421061
1011,frame_1011,1,7.277289,1,6.782025
1012,frame_1012,1,7.242377,1,6.803129
1013,frame_1013,1,7.240115,1,6.68061
1014,frame_1014,1,7.298935,1,6.843798
1015,frame_1015,1,7.491364,1,6.756442
1016,frame_1016,1,7.148493,1,6.770404
1017,frame_1017,1,7.282281,1,6.573949
1018,frame_1018,1,7.35645,1,6.628758
1019,frame_1019,1,7.343075,1,6.72691
1020,frame_1020,1,7.377667,1,6.946849
1021,frame_1021,1,7.428424,1,6.620474
1022,frame_1022,1,7.413011,1,6.891439
1023,frame_1023,1,7.314245,1,6.74911
1024,frame_1024,1,7.360572,1,7.239981
1025,frame_1025,1,7.526991,1,7.465765
1026,frame_1026,1,7.942007,1,7.867253
1027,frame_1027,1,8.036501,1,8.226781
1028,frame_1028,1,8.399605,1,8.467951
1029,frame_1029,1,8.607074,1,8.838677
1030,frame_1030,1,8.775649,1,9.162662
1031,frame_1031,1,8.944142,1,9.582286
1032,frame_1032,1,8.847792,1,10.001472
1033,frame_1033,1,9.112975,1,10.56619
1034,frame_1034,1,9.442759,1,10.118978
1035,frame_1035,1,9.94915,1,10.330245
1036,frame_1036,1,9.999468,1,10.318762
1037,frame_1037,1,10.130046,1,10.522251
1038,frame_1038,1,10.238188,1,10.681079
1039,frame_1039,1,10.281771,1,10.836661
1040,frame_1040,1,10.664411,1,11.292084
1041,frame_1041,1,10.725309,1,11.298252
1042,frame_1042,1,10.952667,1,11.493719
1043,frame_1043,1,11.310937,1,12.022156
1044,frame_1044,1,11.447151,1,11.916832
1045,frame_1045,1,11.24849,1,12.051754
1046,frame_1046,1,11.480778,1,12.128839
1047,frame_1047,1,12.528317,1,12.172617
1048,frame_1048,1,12.250192,1,11.946829
1049,frame_1049,1,12.168088,1,11.997441
1050,frame_1050,1,12.451592,1,11.894646
1051,frame_1051,1,12.550308,1,11.803431
1052,frame_1052,1,12.907613,1,11.468436
1053,frame_1053,1,12.888278,1,11.222025
1054,frame_1054,1,12.934436,1,11.327897
1055,frame_1055,1,13.127584,1,11.375904
1056,frame_1056,1,13.166754,1,11.274219
1057,frame_1057,1,12.963234,1,11.209066
1058,frame_1058,1,12.798456,1,11.397405
1059,frame_1059,1,12.801359,1,10.989128
1060,frame_1060,1,13.087304,1,11.07867
1061,frame_1061,1,12.943085,1,10.871819
1062,frame_1062,1,12.896031,1,11.027717
1063,frame_1063,1,12.66038,1,11.162207
1064,frame_1064,1,12.835894,1,11.095421
1065,frame_1065,1,12.769094,1,11.048881
1066,frame_1066,1,12.880027,1,11.255668
1067,frame_1067,1,12.636213,1,11.194393
1068,frame_1068,1,12.795154,1,10.804349
1069,frame_1069,1,12.610599,1,11.258243
1070,frame_1070,1,12.793796,1,10.950956
1071,frame_1071,1,12.55786,1,11.200746
1072,frame_1072,1,12.85766,1,10.801516
1073,frame_1073,1,12.54011,1,11.184379
1074,frame_1074,1,12.707037,1,11.117181
1075,frame_1075,1,12.723623,1,11.05883
1076,frame_1076,1,12.882966,1,10.807797
1077,frame_1077,1,12.566916,1,11.025638
1078,frame_1078,1,12.52316,1,11.128462
1079,frame_1079,1,12.586306,1,11.055963
1080,frame_1080,1,12.705349,1,11.008682
1081,frame_1081,1,12.537006,1,11.367277
1082,frame_1082,1,12.427047,1,11.199672
1083,frame_1083,1,12.442106,1,10.967887
1084,frame_1084,1,12.548988,1,11.202385
1085,frame_1085,1,12.458501,1,11.015886
1086,frame_1086,1,12.36476,1,11.031325
1087,frame_1087,1,12.316421,1,11.23496
1088,frame_1088,1,12.168583,1,11.040816
1089,frame_1089,1,12.662441,1,11.138647
1090,frame_1090,1,12.47862,1,11.144364
1091,frame_1091,1,12.572965,1,10.875324
1092,frame_1092,1,12.412333,1,11.124685
1093,frame_1093,1,12.594804,1,10.978871
1094,frame_1094,1,12.339612,1,10.991416
1095,frame_1095,1,12.457194,1,10.942378
1096,frame_1096,1,12.277284,1,10.945632
1097,frame_1097,1,12.417017,1,11.269804
1098,frame_1098,1,12.436729,1,10.955732
